{
    "Version": "2012-10-17",
    "Statement": [
      {
        "Effect": "Allow",
        "Principal": {
          "Federated": "arn:aws:iam::796347764150:oidc-provider/oidc.eks.eu-west-2.amazonaws.com/id/0611B594436EEFB6B663CD61141F349A"
        },
        "Action": "sts:AssumeRoleWithWebIdentity",
        "Condition": {
          "StringEquals": {
            "oidc.eks.eu-west-2.amazonaws.com/id/*:aud": "sts.amazonaws.com",
            "oidc.eks.eu-west-2.amazonaws.com/id/*:sub": "system:serviceaccount:kube-system:ebs-csi-controller-sa"
          }
        }
      }
    ]
  }
